{"city_bengaluru":0.2626793683,"zone_flood_risk_score":0.2572581768,"zone_aqi_risk_score":0.1885269433,"month":0.1431156695,"platform_rating":0.0596447065,"city_mumbai":0.0424234048,"city_delhi":0.0177236367,"avg_weekly_hours_logged":0.0160509832,"worker_weekly_baseline_inr":0.0125771286}
